Method,Job,AnalyzeLaunchVariance,EvaluateOverhead,MaxAbsoluteError,MaxRelativeError,MinInvokeCount,MinIterationTime,OutlierMode,Affinity,EnvironmentVariables,Jit,LargeAddressAware,Platform,PowerPlanMode,Runtime,AllowVeryLargeObjects,Concurrent,CpuGroups,Force,HeapAffinitizeMask,HeapCount,NoAffinitize,RetainVm,Server,Arguments,BuildConfiguration,Clock,EngineFactory,NuGetReferences,Toolchain,IsMutator,InvocationCount,IterationCount,IterationTime,LaunchCount,MaxIterationCount,MaxWarmupIterationCount,MemoryRandomization,MinIterationCount,MinWarmupIterationCount,RunStrategy,UnrollFactor,WarmupCount,Script,Mean,Error,StdDev,Gen0,Gen1,Allocated
DecodeAndEval,NativeAOT 10.0,False,Default,Default,Default,Default,Default,Default,111111111111111111111111,Empty,RyuJit,Default,X64,8c5e7fda-e8bf-4a96-9a85-a6e23a8c635c,NativeAOT 10.0,False,True,False,True,Default,Default,False,False,False,Default,Default,Default,Default,Default,Latest ILCompiler,Default,Default,3,Default,1,Default,Default,Default,50,Default,Default,16,3,auction_1-1,194.00 μs,10.924 μs,0.599 μs,8.0566,3.1738,395.05 KB
DecodeAndEval,NativeAOT 10.0,False,Default,Default,Default,Default,Default,Default,111111111111111111111111,Empty,RyuJit,Default,X64,8c5e7fda-e8bf-4a96-9a85-a6e23a8c635c,NativeAOT 10.0,False,True,False,True,Default,Default,False,False,False,Default,Default,Default,Default,Default,Latest ILCompiler,Default,Default,3,Default,1,Default,Default,Default,50,Default,Default,16,3,auction_1-2,713.65 μs,45.863 μs,2.514 μs,22.4609,16.6016,1121.37 KB
DecodeAndEval,NativeAOT 10.0,False,Default,Default,Default,Default,Default,Default,111111111111111111111111,Empty,RyuJit,Default,X64,8c5e7fda-e8bf-4a96-9a85-a6e23a8c635c,NativeAOT 10.0,False,True,False,True,Default,Default,False,False,False,Default,Default,Default,Default,Default,Latest ILCompiler,Default,Default,3,Default,1,Default,Default,Default,50,Default,Default,16,3,auction_1-3,701.52 μs,40.447 μs,2.217 μs,22.4609,16.6016,1134.36 KB
DecodeAndEval,NativeAOT 10.0,False,Default,Default,Default,Default,Default,Default,111111111111111111111111,Empty,RyuJit,Default,X64,8c5e7fda-e8bf-4a96-9a85-a6e23a8c635c,NativeAOT 10.0,False,True,False,True,Default,Default,False,False,False,Default,Default,Default,Default,Default,Latest ILCompiler,Default,Default,3,Default,1,Default,Default,Default,50,Default,Default,16,3,auction_1-4,228.93 μs,4.327 μs,0.237 μs,9.5215,3.9063,467.27 KB
DecodeAndEval,NativeAOT 10.0,False,Default,Default,Default,Default,Default,Default,111111111111111111111111,Empty,RyuJit,Default,X64,8c5e7fda-e8bf-4a96-9a85-a6e23a8c635c,NativeAOT 10.0,False,True,False,True,Default,Default,False,False,False,Default,Default,Default,Default,Default,Latest ILCompiler,Default,Default,3,Default,1,Default,Default,Default,50,Default,Default,16,3,auction_2-1,196.87 μs,31.148 μs,1.707 μs,8.0566,3.1738,395.05 KB
DecodeAndEval,NativeAOT 10.0,False,Default,Default,Default,Default,Default,Default,111111111111111111111111,Empty,RyuJit,Default,X64,8c5e7fda-e8bf-4a96-9a85-a6e23a8c635c,NativeAOT 10.0,False,True,False,True,Default,Default,False,False,False,Default,Default,Default,Default,Default,Latest ILCompiler,Default,Default,3,Default,1,Default,Default,Default,50,Default,Default,16,3,auction_2-2,720.87 μs,132.825 μs,7.281 μs,22.4609,16.6016,1121.37 KB
DecodeAndEval,NativeAOT 10.0,False,Default,Default,Default,Default,Default,Default,111111111111111111111111,Empty,RyuJit,Default,X64,8c5e7fda-e8bf-4a96-9a85-a6e23a8c635c,NativeAOT 10.0,False,True,False,True,Default,Default,False,False,False,Default,Default,Default,Default,Default,Latest ILCompiler,Default,Default,3,Default,1,Default,Default,Default,50,Default,Default,16,3,auction_2-3,904.17 μs,114.094 μs,6.254 μs,27.3438,24.4141,1365.21 KB
DecodeAndEval,NativeAOT 10.0,False,Default,Default,Default,Default,Default,Default,111111111111111111111111,Empty,RyuJit,Default,X64,8c5e7fda-e8bf-4a96-9a85-a6e23a8c635c,NativeAOT 10.0,False,True,False,True,Default,Default,False,False,False,Default,Default,Default,Default,Default,Latest ILCompiler,Default,Default,3,Default,1,Default,Default,Default,50,Default,Default,16,3,auction_2-4,713.02 μs,105.851 μs,5.802 μs,22.4609,16.6016,1134.36 KB
DecodeAndEval,NativeAOT 10.0,False,Default,Default,Default,Default,Default,Default,111111111111111111111111,Empty,RyuJit,Default,X64,8c5e7fda-e8bf-4a96-9a85-a6e23a8c635c,NativeAOT 10.0,False,True,False,True,Default,Default,False,False,False,Default,Default,Default,Default,Default,Latest ILCompiler,Default,Default,3,Default,1,Default,Default,Default,50,Default,Default,16,3,auction_2-5,240.77 μs,82.668 μs,4.531 μs,9.5215,3.9063,467.27 KB
DecodeAndEval,NativeAOT 10.0,False,Default,Default,Default,Default,Default,Default,111111111111111111111111,Empty,RyuJit,Default,X64,8c5e7fda-e8bf-4a96-9a85-a6e23a8c635c,NativeAOT 10.0,False,True,False,True,Default,Default,False,False,False,Default,Default,Default,Default,Default,Latest ILCompiler,Default,Default,3,Default,1,Default,Default,Default,50,Default,Default,16,3,coop-1,204.98 μs,13.638 μs,0.748 μs,8.7891,2.9297,442.08 KB
DecodeAndEval,NativeAOT 10.0,False,Default,Default,Default,Default,Default,Default,111111111111111111111111,Empty,RyuJit,Default,X64,8c5e7fda-e8bf-4a96-9a85-a6e23a8c635c,NativeAOT 10.0,False,True,False,True,Default,Default,False,False,False,Default,Default,Default,Default,Default,Latest ILCompiler,Default,Default,3,Default,1,Default,Default,Default,50,Default,Default,16,3,coop-2,620.99 μs,177.706 μs,9.741 μs,24.4141,9.7656,1224.8 KB
DecodeAndEval,NativeAOT 10.0,False,Default,Default,Default,Default,Default,Default,111111111111111111111111,Empty,RyuJit,Default,X64,8c5e7fda-e8bf-4a96-9a85-a6e23a8c635c,NativeAOT 10.0,False,True,False,True,Default,Default,False,False,False,Default,Default,Default,Default,Default,Latest ILCompiler,Default,Default,3,Default,1,Default,Default,Default,50,Default,Default,16,3,coop-3,"2,154.84 μs","3,086.248 μs",169.168 μs,62.5000,27.3438,3240.36 KB
DecodeAndEval,NativeAOT 10.0,False,Default,Default,Default,Default,Default,Default,111111111111111111111111,Empty,RyuJit,Default,X64,8c5e7fda-e8bf-4a96-9a85-a6e23a8c635c,NativeAOT 10.0,False,True,False,True,Default,Default,False,False,False,Default,Default,Default,Default,Default,Latest ILCompiler,Default,Default,3,Default,1,Default,Default,Default,50,Default,Default,16,3,coop-4,831.35 μs,224.145 μs,12.286 μs,28.3203,17.5781,1414.31 KB
DecodeAndEval,NativeAOT 10.0,False,Default,Default,Default,Default,Default,Default,111111111111111111111111,Empty,RyuJit,Default,X64,8c5e7fda-e8bf-4a96-9a85-a6e23a8c635c,NativeAOT 10.0,False,True,False,True,Default,Default,False,False,False,Default,Default,Default,Default,Default,Latest ILCompiler,Default,Default,3,Default,1,Default,Default,Default,50,Default,Default,16,3,coop-5,388.88 μs,92.126 μs,5.050 μs,15.6250,7.3242,771.91 KB
DecodeAndEval,NativeAOT 10.0,False,Default,Default,Default,Default,Default,Default,111111111111111111111111,Empty,RyuJit,Default,X64,8c5e7fda-e8bf-4a96-9a85-a6e23a8c635c,NativeAOT 10.0,False,True,False,True,Default,Default,False,False,False,Default,Default,Default,Default,Default,Latest ILCompiler,Default,Default,3,Default,1,Default,Default,Default,50,Default,Default,16,3,coop-6,539.63 μs,11.906 μs,0.653 μs,21.4844,6.8359,1081.05 KB
DecodeAndEval,NativeAOT 10.0,False,Default,Default,Default,Default,Default,Default,111111111111111111111111,Empty,RyuJit,Default,X64,8c5e7fda-e8bf-4a96-9a85-a6e23a8c635c,NativeAOT 10.0,False,True,False,True,Default,Default,False,False,False,Default,Default,Default,Default,Default,Latest ILCompiler,Default,Default,3,Default,1,Default,Default,Default,50,Default,Default,16,3,coop-7,280.72 μs,56.804 μs,3.114 μs,11.7188,4.8828,585.91 KB
DecodeAndEval,NativeAOT 10.0,False,Default,Default,Default,Default,Default,Default,111111111111111111111111,Empty,RyuJit,Default,X64,8c5e7fda-e8bf-4a96-9a85-a6e23a8c635c,NativeAOT 10.0,False,True,False,True,Default,Default,False,False,False,Default,Default,Default,Default,Default,Latest ILCompiler,Default,Default,3,Default,1,Default,Default,Default,50,Default,Default,16,3,crowdfunding-success-1,225.70 μs,35.278 μs,1.934 μs,9.5215,3.9063,469.38 KB
DecodeAndEval,NativeAOT 10.0,False,Default,Default,Default,Default,Default,Default,111111111111111111111111,Empty,RyuJit,Default,X64,8c5e7fda-e8bf-4a96-9a85-a6e23a8c635c,NativeAOT 10.0,False,True,False,True,Default,Default,False,False,False,Default,Default,Default,Default,Default,Latest ILCompiler,Default,Default,3,Default,1,Default,Default,Default,50,Default,Default,16,3,crowdfunding-success-2,222.53 μs,8.480 μs,0.465 μs,9.5215,3.9063,469.38 KB
DecodeAndEval,NativeAOT 10.0,False,Default,Default,Default,Default,Default,Default,111111111111111111111111,Empty,RyuJit,Default,X64,8c5e7fda-e8bf-4a96-9a85-a6e23a8c635c,NativeAOT 10.0,False,True,False,True,Default,Default,False,False,False,Default,Default,Default,Default,Default,Latest ILCompiler,Default,Default,3,Default,1,Default,Default,Default,50,Default,Default,16,3,crowdfunding-success-3,230.28 μs,156.207 μs,8.562 μs,9.5215,3.9063,469.38 KB
DecodeAndEval,NativeAOT 10.0,False,Default,Default,Default,Default,Default,Default,111111111111111111111111,Empty,RyuJit,Default,X64,8c5e7fda-e8bf-4a96-9a85-a6e23a8c635c,NativeAOT 10.0,False,True,False,True,Default,Default,False,False,False,Default,Default,Default,Default,Default,Latest ILCompiler,Default,Default,3,Default,1,Default,Default,Default,50,Default,Default,16,3,currency-1,279.27 μs,19.976 μs,1.095 μs,10.2539,4.8828,505.27 KB
DecodeAndEval,NativeAOT 10.0,False,Default,Default,Default,Default,Default,Default,111111111111111111111111,Empty,RyuJit,Default,X64,8c5e7fda-e8bf-4a96-9a85-a6e23a8c635c,NativeAOT 10.0,False,True,False,True,Default,Default,False,False,False,Default,Default,Default,Default,Default,Latest ILCompiler,Default,Default,3,Default,1,Default,Default,Default,50,Default,Default,16,3,escrow-redeem_1-1,377.60 μs,73.724 μs,4.041 μs,13.6719,6.3477,683.77 KB
DecodeAndEval,NativeAOT 10.0,False,Default,Default,Default,Default,Default,Default,111111111111111111111111,Empty,RyuJit,Default,X64,8c5e7fda-e8bf-4a96-9a85-a6e23a8c635c,NativeAOT 10.0,False,True,False,True,Default,Default,False,False,False,Default,Default,Default,Default,Default,Latest ILCompiler,Default,Default,3,Default,1,Default,Default,Default,50,Default,Default,16,3,escrow-redeem_1-2,385.06 μs,65.340 μs,3.582 μs,13.6719,6.3477,683.77 KB
DecodeAndEval,NativeAOT 10.0,False,Default,Default,Default,Default,Default,Default,111111111111111111111111,Empty,RyuJit,Default,X64,8c5e7fda-e8bf-4a96-9a85-a6e23a8c635c,NativeAOT 10.0,False,True,False,True,Default,Default,False,False,False,Default,Default,Default,Default,Default,Latest ILCompiler,Default,Default,3,Default,1,Default,Default,Default,50,Default,Default,16,3,escrow-redeem_2-1,423.86 μs,67.672 μs,3.709 μs,15.1367,6.8359,758.52 KB
DecodeAndEval,NativeAOT 10.0,False,Default,Default,Default,Default,Default,Default,111111111111111111111111,Empty,RyuJit,Default,X64,8c5e7fda-e8bf-4a96-9a85-a6e23a8c635c,NativeAOT 10.0,False,True,False,True,Default,Default,False,False,False,Default,Default,Default,Default,Default,Latest ILCompiler,Default,Default,3,Default,1,Default,Default,Default,50,Default,Default,16,3,escrow-redeem_2-2,423.59 μs,101.239 μs,5.549 μs,15.1367,6.8359,758.52 KB
DecodeAndEval,NativeAOT 10.0,False,Default,Default,Default,Default,Default,Default,111111111111111111111111,Empty,RyuJit,Default,X64,8c5e7fda-e8bf-4a96-9a85-a6e23a8c635c,NativeAOT 10.0,False,True,False,True,Default,Default,False,False,False,Default,Default,Default,Default,Default,Latest ILCompiler,Default,Default,3,Default,1,Default,Default,Default,50,Default,Default,16,3,escrow-redeem_2-3,417.62 μs,35.133 μs,1.926 μs,15.1367,6.8359,758.52 KB
DecodeAndEval,NativeAOT 10.0,False,Default,Default,Default,Default,Default,Default,111111111111111111111111,Empty,RyuJit,Default,X64,8c5e7fda-e8bf-4a96-9a85-a6e23a8c635c,NativeAOT 10.0,False,True,False,True,Default,Default,False,False,False,Default,Default,Default,Default,Default,Latest ILCompiler,Default,Default,3,Default,1,Default,Default,Default,50,Default,Default,16,3,escrow-refund-1,205.83 μs,100.047 μs,5.484 μs,8.7891,3.6621,441.07 KB
DecodeAndEval,NativeAOT 10.0,False,Default,Default,Default,Default,Default,Default,111111111111111111111111,Empty,RyuJit,Default,X64,8c5e7fda-e8bf-4a96-9a85-a6e23a8c635c,NativeAOT 10.0,False,True,False,True,Default,Default,False,False,False,Default,Default,Default,Default,Default,Latest ILCompiler,Default,Default,3,Default,1,Default,Default,Default,50,Default,Default,16,3,future-increase-margin-1,286.63 μs,11.151 μs,0.611 μs,10.2539,4.3945,505.06 KB
DecodeAndEval,NativeAOT 10.0,False,Default,Default,Default,Default,Default,Default,111111111111111111111111,Empty,RyuJit,Default,X64,8c5e7fda-e8bf-4a96-9a85-a6e23a8c635c,NativeAOT 10.0,False,True,False,True,Default,Default,False,False,False,Default,Default,Default,Default,Default,Latest ILCompiler,Default,Default,3,Default,1,Default,Default,Default,50,Default,Default,16,3,future-increase-margin-2,541.69 μs,59.742 μs,3.275 μs,18.5547,8.7891,925.42 KB
DecodeAndEval,NativeAOT 10.0,False,Default,Default,Default,Default,Default,Default,111111111111111111111111,Empty,RyuJit,Default,X64,8c5e7fda-e8bf-4a96-9a85-a6e23a8c635c,NativeAOT 10.0,False,True,False,True,Default,Default,False,False,False,Default,Default,Default,Default,Default,Latest ILCompiler,Default,Default,3,Default,1,Default,Default,Default,50,Default,Default,16,3,future-increase-margin-3,547.39 μs,168.928 μs,9.259 μs,18.5547,8.7891,925.42 KB
DecodeAndEval,NativeAOT 10.0,False,Default,Default,Default,Default,Default,Default,111111111111111111111111,Empty,RyuJit,Default,X64,8c5e7fda-e8bf-4a96-9a85-a6e23a8c635c,NativeAOT 10.0,False,True,False,True,Default,Default,False,False,False,Default,Default,Default,Default,Default,Latest ILCompiler,Default,Default,3,Default,1,Default,Default,Default,50,Default,Default,16,3,future-increase-margin-4,617.16 μs,21.541 μs,1.181 μs,20.5078,14.6484,1016.19 KB
DecodeAndEval,NativeAOT 10.0,False,Default,Default,Default,Default,Default,Default,111111111111111111111111,Empty,RyuJit,Default,X64,8c5e7fda-e8bf-4a96-9a85-a6e23a8c635c,NativeAOT 10.0,False,True,False,True,Default,Default,False,False,False,Default,Default,Default,Default,Default,Latest ILCompiler,Default,Default,3,Default,1,Default,Default,Default,50,Default,Default,16,3,future-increase-margin-5,927.43 μs,26.681 μs,1.463 μs,26.3672,20.5078,1339.27 KB
DecodeAndEval,NativeAOT 10.0,False,Default,Default,Default,Default,Default,Default,111111111111111111111111,Empty,RyuJit,Default,X64,8c5e7fda-e8bf-4a96-9a85-a6e23a8c635c,NativeAOT 10.0,False,True,False,True,Default,Default,False,False,False,Default,Default,Default,Default,Default,Latest ILCompiler,Default,Default,3,Default,1,Default,Default,Default,50,Default,Default,16,3,future-pay-out-1,290.35 μs,63.628 μs,3.488 μs,10.2539,4.3945,505.06 KB
DecodeAndEval,NativeAOT 10.0,False,Default,Default,Default,Default,Default,Default,111111111111111111111111,Empty,RyuJit,Default,X64,8c5e7fda-e8bf-4a96-9a85-a6e23a8c635c,NativeAOT 10.0,False,True,False,True,Default,Default,False,False,False,Default,Default,Default,Default,Default,Latest ILCompiler,Default,Default,3,Default,1,Default,Default,Default,50,Default,Default,16,3,future-pay-out-2,540.19 μs,21.795 μs,1.195 μs,18.5547,8.7891,925.42 KB
DecodeAndEval,NativeAOT 10.0,False,Default,Default,Default,Default,Default,Default,111111111111111111111111,Empty,RyuJit,Default,X64,8c5e7fda-e8bf-4a96-9a85-a6e23a8c635c,NativeAOT 10.0,False,True,False,True,Default,Default,False,False,False,Default,Default,Default,Default,Default,Latest ILCompiler,Default,Default,3,Default,1,Default,Default,Default,50,Default,Default,16,3,future-pay-out-3,542.76 μs,104.905 μs,5.750 μs,18.5547,8.7891,925.42 KB
DecodeAndEval,NativeAOT 10.0,False,Default,Default,Default,Default,Default,Default,111111111111111111111111,Empty,RyuJit,Default,X64,8c5e7fda-e8bf-4a96-9a85-a6e23a8c635c,NativeAOT 10.0,False,True,False,True,Default,Default,False,False,False,Default,Default,Default,Default,Default,Latest ILCompiler,Default,Default,3,Default,1,Default,Default,Default,50,Default,Default,16,3,future-pay-out-4,968.04 μs,839.494 μs,46.016 μs,26.3672,21.4844,1337.74 KB
DecodeAndEval,NativeAOT 10.0,False,Default,Default,Default,Default,Default,Default,111111111111111111111111,Empty,RyuJit,Default,X64,8c5e7fda-e8bf-4a96-9a85-a6e23a8c635c,NativeAOT 10.0,False,True,False,True,Default,Default,False,False,False,Default,Default,Default,Default,Default,Latest ILCompiler,Default,Default,3,Default,1,Default,Default,Default,50,Default,Default,16,3,future-settle-early-1,284.14 μs,12.683 μs,0.695 μs,10.2539,4.3945,505.06 KB
DecodeAndEval,NativeAOT 10.0,False,Default,Default,Default,Default,Default,Default,111111111111111111111111,Empty,RyuJit,Default,X64,8c5e7fda-e8bf-4a96-9a85-a6e23a8c635c,NativeAOT 10.0,False,True,False,True,Default,Default,False,False,False,Default,Default,Default,Default,Default,Latest ILCompiler,Default,Default,3,Default,1,Default,Default,Default,50,Default,Default,16,3,future-settle-early-2,549.61 μs,124.481 μs,6.823 μs,18.5547,8.7891,925.42 KB
DecodeAndEval,NativeAOT 10.0,False,Default,Default,Default,Default,Default,Default,111111111111111111111111,Empty,RyuJit,Default,X64,8c5e7fda-e8bf-4a96-9a85-a6e23a8c635c,NativeAOT 10.0,False,True,False,True,Default,Default,False,False,False,Default,Default,Default,Default,Default,Latest ILCompiler,Default,Default,3,Default,1,Default,Default,Default,50,Default,Default,16,3,future-settle-early-3,530.07 μs,41.291 μs,2.263 μs,18.5547,8.7891,925.42 KB
DecodeAndEval,NativeAOT 10.0,False,Default,Default,Default,Default,Default,Default,111111111111111111111111,Empty,RyuJit,Default,X64,8c5e7fda-e8bf-4a96-9a85-a6e23a8c635c,NativeAOT 10.0,False,True,False,True,Default,Default,False,False,False,Default,Default,Default,Default,Default,Latest ILCompiler,Default,Default,3,Default,1,Default,Default,Default,50,Default,Default,16,3,future-settle-early-4,730.30 μs,113.920 μs,6.244 μs,21.4844,14.6484,1098.57 KB
DecodeAndEval,NativeAOT 10.0,False,Default,Default,Default,Default,Default,Default,111111111111111111111111,Empty,RyuJit,Default,X64,8c5e7fda-e8bf-4a96-9a85-a6e23a8c635c,NativeAOT 10.0,False,True,False,True,Default,Default,False,False,False,Default,Default,Default,Default,Default,Latest ILCompiler,Default,Default,3,Default,1,Default,Default,Default,50,Default,Default,16,3,game-sm-success_1-1,463.80 μs,15.945 μs,0.874 μs,16.6016,13.1836,819.37 KB
DecodeAndEval,NativeAOT 10.0,False,Default,Default,Default,Default,Default,Default,111111111111111111111111,Empty,RyuJit,Default,X64,8c5e7fda-e8bf-4a96-9a85-a6e23a8c635c,NativeAOT 10.0,False,True,False,True,Default,Default,False,False,False,Default,Default,Default,Default,Default,Latest ILCompiler,Default,Default,3,Default,1,Default,Default,Default,50,Default,Default,16,3,game-sm-success_1-2,202.71 μs,27.563 μs,1.511 μs,8.3008,2.9297,410.84 KB
DecodeAndEval,NativeAOT 10.0,False,Default,Default,Default,Default,Default,Default,111111111111111111111111,Empty,RyuJit,Default,X64,8c5e7fda-e8bf-4a96-9a85-a6e23a8c635c,NativeAOT 10.0,False,True,False,True,Default,Default,False,False,False,Default,Default,Default,Default,Default,Latest ILCompiler,Default,Default,3,Default,1,Default,Default,Default,50,Default,Default,16,3,game-sm-success_1-3,703.00 μs,130.066 μs,7.129 μs,22.4609,16.6016,1129.54 KB
DecodeAndEval,NativeAOT 10.0,False,Default,Default,Default,Default,Default,Default,111111111111111111111111,Empty,RyuJit,Default,X64,8c5e7fda-e8bf-4a96-9a85-a6e23a8c635c,NativeAOT 10.0,False,True,False,True,Default,Default,False,False,False,Default,Default,Default,Default,Default,Latest ILCompiler,Default,Default,3,Default,1,Default,Default,Default,50,Default,Default,16,3,game-sm-success_1-4,227.60 μs,55.651 μs,3.050 μs,9.2773,3.4180,456.77 KB
DecodeAndEval,NativeAOT 10.0,False,Default,Default,Default,Default,Default,Default,111111111111111111111111,Empty,RyuJit,Default,X64,8c5e7fda-e8bf-4a96-9a85-a6e23a8c635c,NativeAOT 10.0,False,True,False,True,Default,Default,False,False,False,Default,Default,Default,Default,Default,Latest ILCompiler,Default,Default,3,Default,1,Default,Default,Default,50,Default,Default,16,3,game-sm-success_2-1,456.88 μs,35.535 μs,1.948 μs,16.6016,13.1836,819.37 KB
DecodeAndEval,NativeAOT 10.0,False,Default,Default,Default,Default,Default,Default,111111111111111111111111,Empty,RyuJit,Default,X64,8c5e7fda-e8bf-4a96-9a85-a6e23a8c635c,NativeAOT 10.0,False,True,False,True,Default,Default,False,False,False,Default,Default,Default,Default,Default,Latest ILCompiler,Default,Default,3,Default,1,Default,Default,Default,50,Default,Default,16,3,game-sm-success_2-2,198.30 μs,5.569 μs,0.305 μs,8.3008,2.9297,410.84 KB
DecodeAndEval,NativeAOT 10.0,False,Default,Default,Default,Default,Default,Default,111111111111111111111111,Empty,RyuJit,Default,X64,8c5e7fda-e8bf-4a96-9a85-a6e23a8c635c,NativeAOT 10.0,False,True,False,True,Default,Default,False,False,False,Default,Default,Default,Default,Default,Latest ILCompiler,Default,Default,3,Default,1,Default,Default,Default,50,Default,Default,16,3,game-sm-success_2-3,710.58 μs,283.373 μs,15.533 μs,22.4609,16.6016,1129.54 KB
DecodeAndEval,NativeAOT 10.0,False,Default,Default,Default,Default,Default,Default,111111111111111111111111,Empty,RyuJit,Default,X64,8c5e7fda-e8bf-4a96-9a85-a6e23a8c635c,NativeAOT 10.0,False,True,False,True,Default,Default,False,False,False,Default,Default,Default,Default,Default,Latest ILCompiler,Default,Default,3,Default,1,Default,Default,Default,50,Default,Default,16,3,game-sm-success_2-4,225.95 μs,61.219 μs,3.356 μs,9.2773,3.4180,456.77 KB
DecodeAndEval,NativeAOT 10.0,False,Default,Default,Default,Default,Default,Default,111111111111111111111111,Empty,RyuJit,Default,X64,8c5e7fda-e8bf-4a96-9a85-a6e23a8c635c,NativeAOT 10.0,False,True,False,True,Default,Default,False,False,False,Default,Default,Default,Default,Default,Latest ILCompiler,Default,Default,3,Default,1,Default,Default,Default,50,Default,Default,16,3,game-sm-success_2-5,688.40 μs,6.820 μs,0.374 μs,22.4609,16.6016,1129.56 KB
DecodeAndEval,NativeAOT 10.0,False,Default,Default,Default,Default,Default,Default,111111111111111111111111,Empty,RyuJit,Default,X64,8c5e7fda-e8bf-4a96-9a85-a6e23a8c635c,NativeAOT 10.0,False,True,False,True,Default,Default,False,False,False,Default,Default,Default,Default,Default,Latest ILCompiler,Default,Default,3,Default,1,Default,Default,Default,50,Default,Default,16,3,game-sm-success_2-6,226.88 μs,71.168 μs,3.901 μs,9.2773,3.4180,456.77 KB
DecodeAndEval,NativeAOT 10.0,False,Default,Default,Default,Default,Default,Default,111111111111111111111111,Empty,RyuJit,Default,X64,8c5e7fda-e8bf-4a96-9a85-a6e23a8c635c,NativeAOT 10.0,False,True,False,True,Default,Default,False,False,False,Default,Default,Default,Default,Default,Latest ILCompiler,Default,Default,3,Default,1,Default,Default,Default,50,Default,Default,16,3,guardrail-sorted-large,422.00 μs,45.672 μs,2.503 μs,16.6016,6.8359,818.66 KB
DecodeAndEval,NativeAOT 10.0,False,Default,Default,Default,Default,Default,Default,111111111111111111111111,Empty,RyuJit,Default,X64,8c5e7fda-e8bf-4a96-9a85-a6e23a8c635c,NativeAOT 10.0,False,True,False,True,Default,Default,False,False,False,Default,Default,Default,Default,Default,Latest ILCompiler,Default,Default,3,Default,1,Default,Default,Default,50,Default,Default,16,3,guardrail-sorted-small,97.83 μs,29.317 μs,1.607 μs,4.5166,1.3428,222.13 KB
DecodeAndEval,NativeAOT 10.0,False,Default,Default,Default,Default,Default,Default,111111111111111111111111,Empty,RyuJit,Default,X64,8c5e7fda-e8bf-4a96-9a85-a6e23a8c635c,NativeAOT 10.0,False,True,False,True,Default,Default,False,False,False,Default,Default,Default,Default,Default,Latest ILCompiler,Default,Default,3,Default,1,Default,Default,Default,50,Default,Default,16,3,guardrail-unsorted-large,579.19 μs,193.020 μs,10.580 μs,20.5078,8.7891,1036.33 KB
DecodeAndEval,NativeAOT 10.0,False,Default,Default,Default,Default,Default,Default,111111111111111111111111,Empty,RyuJit,Default,X64,8c5e7fda-e8bf-4a96-9a85-a6e23a8c635c,NativeAOT 10.0,False,True,False,True,Default,Default,False,False,False,Default,Default,Default,Default,Default,Latest ILCompiler,Default,Default,3,Default,1,Default,Default,Default,50,Default,Default,16,3,guardrail-unsorted-small,97.50 μs,2.420 μs,0.133 μs,4.3945,0.9766,219.31 KB
DecodeAndEval,NativeAOT 10.0,False,Default,Default,Default,Default,Default,Default,111111111111111111111111,Empty,RyuJit,Default,X64,8c5e7fda-e8bf-4a96-9a85-a6e23a8c635c,NativeAOT 10.0,False,True,False,True,Default,Default,False,False,False,Default,Default,Default,Default,Default,Latest ILCompiler,Default,Default,3,Default,1,Default,Default,Default,50,Default,Default,16,3,multisig-sm-01,492.43 μs,10.599 μs,0.581 μs,16.6016,12.6953,857.14 KB
DecodeAndEval,NativeAOT 10.0,False,Default,Default,Default,Default,Default,Default,111111111111111111111111,Empty,RyuJit,Default,X64,8c5e7fda-e8bf-4a96-9a85-a6e23a8c635c,NativeAOT 10.0,False,True,False,True,Default,Default,False,False,False,Default,Default,Default,Default,Default,Latest ILCompiler,Default,Default,3,Default,1,Default,Default,Default,50,Default,Default,16,3,multisig-sm-02,481.05 μs,31.529 μs,1.728 μs,17.0898,12.6953,843.59 KB
DecodeAndEval,NativeAOT 10.0,False,Default,Default,Default,Default,Default,Default,111111111111111111111111,Empty,RyuJit,Default,X64,8c5e7fda-e8bf-4a96-9a85-a6e23a8c635c,NativeAOT 10.0,False,True,False,True,Default,Default,False,False,False,Default,Default,Default,Default,Default,Latest ILCompiler,Default,Default,3,Default,1,Default,Default,Default,50,Default,Default,16,3,multisig-sm-03,484.53 μs,31.274 μs,1.714 μs,16.6016,11.7188,848.36 KB
DecodeAndEval,NativeAOT 10.0,False,Default,Default,Default,Default,Default,Default,111111111111111111111111,Empty,RyuJit,Default,X64,8c5e7fda-e8bf-4a96-9a85-a6e23a8c635c,NativeAOT 10.0,False,True,False,True,Default,Default,False,False,False,Default,Default,Default,Default,Default,Latest ILCompiler,Default,Default,3,Default,1,Default,Default,Default,50,Default,Default,16,3,multisig-sm-04,502.79 μs,10.424 μs,0.571 μs,16.6016,10.7422,853.12 KB
DecodeAndEval,NativeAOT 10.0,False,Default,Default,Default,Default,Default,Default,111111111111111111111111,Empty,RyuJit,Default,X64,8c5e7fda-e8bf-4a96-9a85-a6e23a8c635c,NativeAOT 10.0,False,True,False,True,Default,Default,False,False,False,Default,Default,Default,Default,Default,Latest ILCompiler,Default,Default,3,Default,1,Default,Default,Default,50,Default,Default,16,3,multisig-sm-05,648.21 μs,137.643 μs,7.545 μs,20.5078,17.5781,1044.64 KB
DecodeAndEval,NativeAOT 10.0,False,Default,Default,Default,Default,Default,Default,111111111111111111111111,Empty,RyuJit,Default,X64,8c5e7fda-e8bf-4a96-9a85-a6e23a8c635c,NativeAOT 10.0,False,True,False,True,Default,Default,False,False,False,Default,Default,Default,Default,Default,Latest ILCompiler,Default,Default,3,Default,1,Default,Default,Default,50,Default,Default,16,3,multisig-sm-06,493.10 μs,4.010 μs,0.220 μs,16.6016,11.7188,856.92 KB
DecodeAndEval,NativeAOT 10.0,False,Default,Default,Default,Default,Default,Default,111111111111111111111111,Empty,RyuJit,Default,X64,8c5e7fda-e8bf-4a96-9a85-a6e23a8c635c,NativeAOT 10.0,False,True,False,True,Default,Default,False,False,False,Default,Default,Default,Default,Default,Latest ILCompiler,Default,Default,3,Default,1,Default,Default,Default,50,Default,Default,16,3,multisig-sm-07,491.50 μs,83.434 μs,4.573 μs,17.0898,13.1836,843.37 KB
DecodeAndEval,NativeAOT 10.0,False,Default,Default,Default,Default,Default,Default,111111111111111111111111,Empty,RyuJit,Default,X64,8c5e7fda-e8bf-4a96-9a85-a6e23a8c635c,NativeAOT 10.0,False,True,False,True,Default,Default,False,False,False,Default,Default,Default,Default,Default,Latest ILCompiler,Default,Default,3,Default,1,Default,Default,Default,50,Default,Default,16,3,multisig-sm-08,492.88 μs,91.998 μs,5.043 μs,17.0898,13.1836,848.14 KB
DecodeAndEval,NativeAOT 10.0,False,Default,Default,Default,Default,Default,Default,111111111111111111111111,Empty,RyuJit,Default,X64,8c5e7fda-e8bf-4a96-9a85-a6e23a8c635c,NativeAOT 10.0,False,True,False,True,Default,Default,False,False,False,Default,Default,Default,Default,Default,Latest ILCompiler,Default,Default,3,Default,1,Default,Default,Default,50,Default,Default,16,3,multisig-sm-09,497.13 μs,167.240 μs,9.167 μs,16.6016,12.6953,852.9 KB
DecodeAndEval,NativeAOT 10.0,False,Default,Default,Default,Default,Default,Default,111111111111111111111111,Empty,RyuJit,Default,X64,8c5e7fda-e8bf-4a96-9a85-a6e23a8c635c,NativeAOT 10.0,False,True,False,True,Default,Default,False,False,False,Default,Default,Default,Default,Default,Latest ILCompiler,Default,Default,3,Default,1,Default,Default,Default,50,Default,Default,16,3,multisig-sm-10,647.39 μs,39.159 μs,2.146 μs,20.5078,17.5781,1044.53 KB
DecodeAndEval,NativeAOT 10.0,False,Default,Default,Default,Default,Default,Default,111111111111111111111111,Empty,RyuJit,Default,X64,8c5e7fda-e8bf-4a96-9a85-a6e23a8c635c,NativeAOT 10.0,False,True,False,True,Default,Default,False,False,False,Default,Default,Default,Default,Default,Latest ILCompiler,Default,Default,3,Default,1,Default,Default,Default,50,Default,Default,16,3,ping-pong_2-1,288.69 μs,7.624 μs,0.418 μs,11.7188,7.3242,584.38 KB
DecodeAndEval,NativeAOT 10.0,False,Default,Default,Default,Default,Default,Default,111111111111111111111111,Empty,RyuJit,Default,X64,8c5e7fda-e8bf-4a96-9a85-a6e23a8c635c,NativeAOT 10.0,False,True,False,True,Default,Default,False,False,False,Default,Default,Default,Default,Default,Latest ILCompiler,Default,Default,3,Default,1,Default,Default,Default,50,Default,Default,16,3,ping-pong-1,417.88 μs,45.285 μs,2.482 μs,14.6484,14.1602,731.71 KB
DecodeAndEval,NativeAOT 10.0,False,Default,Default,Default,Default,Default,Default,111111111111111111111111,Empty,RyuJit,Default,X64,8c5e7fda-e8bf-4a96-9a85-a6e23a8c635c,NativeAOT 10.0,False,True,False,True,Default,Default,False,False,False,Default,Default,Default,Default,Default,Latest ILCompiler,Default,Default,3,Default,1,Default,Default,Default,50,Default,Default,16,3,ping-pong-2,415.82 μs,42.690 μs,2.340 μs,14.6484,14.1602,731.71 KB
DecodeAndEval,NativeAOT 10.0,False,Default,Default,Default,Default,Default,Default,111111111111111111111111,Empty,RyuJit,Default,X64,8c5e7fda-e8bf-4a96-9a85-a6e23a8c635c,NativeAOT 10.0,False,True,False,True,Default,Default,False,False,False,Default,Default,Default,Default,Default,Latest ILCompiler,Default,Default,3,Default,1,Default,Default,Default,50,Default,Default,16,3,prism-1,170.96 μs,4.525 μs,0.248 μs,7.3242,2.6855,362.68 KB
DecodeAndEval,NativeAOT 10.0,False,Default,Default,Default,Default,Default,Default,111111111111111111111111,Empty,RyuJit,Default,X64,8c5e7fda-e8bf-4a96-9a85-a6e23a8c635c,NativeAOT 10.0,False,True,False,True,Default,Default,False,False,False,Default,Default,Default,Default,Default,Latest ILCompiler,Default,Default,3,Default,1,Default,Default,Default,50,Default,Default,16,3,prism-2,489.38 μs,135.622 μs,7.434 μs,17.0898,12.6953,856.59 KB
DecodeAndEval,NativeAOT 10.0,False,Default,Default,Default,Default,Default,Default,111111111111111111111111,Empty,RyuJit,Default,X64,8c5e7fda-e8bf-4a96-9a85-a6e23a8c635c,NativeAOT 10.0,False,True,False,True,Default,Default,False,False,False,Default,Default,Default,Default,Default,Latest ILCompiler,Default,Default,3,Default,1,Default,Default,Default,50,Default,Default,16,3,prism-3,385.83 μs,160.743 μs,8.811 μs,13.1836,5.3711,665.11 KB
DecodeAndEval,NativeAOT 10.0,False,Default,Default,Default,Default,Default,Default,111111111111111111111111,Empty,RyuJit,Default,X64,8c5e7fda-e8bf-4a96-9a85-a6e23a8c635c,NativeAOT 10.0,False,True,False,True,Default,Default,False,False,False,Default,Default,Default,Default,Default,Latest ILCompiler,Default,Default,3,Default,1,Default,Default,Default,50,Default,Default,16,3,pubkey-1,157.85 μs,124.451 μs,6.822 μs,6.5918,2.4414,333.81 KB
DecodeAndEval,NativeAOT 10.0,False,Default,Default,Default,Default,Default,Default,111111111111111111111111,Empty,RyuJit,Default,X64,8c5e7fda-e8bf-4a96-9a85-a6e23a8c635c,NativeAOT 10.0,False,True,False,True,Default,Default,False,False,False,Default,Default,Default,Default,Default,Latest ILCompiler,Default,Default,3,Default,1,Default,Default,Default,50,Default,Default,16,3,stablecoin_1-1,"1,090.87 μs",139.684 μs,7.657 μs,27.3438,21.4844,1375.67 KB
DecodeAndEval,NativeAOT 10.0,False,Default,Default,Default,Default,Default,Default,111111111111111111111111,Empty,RyuJit,Default,X64,8c5e7fda-e8bf-4a96-9a85-a6e23a8c635c,NativeAOT 10.0,False,True,False,True,Default,Default,False,False,False,Default,Default,Default,Default,Default,Latest ILCompiler,Default,Default,3,Default,1,Default,Default,Default,50,Default,Default,16,3,stablecoin_1-2,200.57 μs,24.241 μs,1.329 μs,8.0566,3.9063,406.17 KB
DecodeAndEval,NativeAOT 10.0,False,Default,Default,Default,Default,Default,Default,111111111111111111111111,Empty,RyuJit,Default,X64,8c5e7fda-e8bf-4a96-9a85-a6e23a8c635c,NativeAOT 10.0,False,True,False,True,Default,Default,False,False,False,Default,Default,Default,Default,Default,Latest ILCompiler,Default,Default,3,Default,1,Default,Default,Default,50,Default,Default,16,3,stablecoin_1-3,"1,222.78 μs",245.904 μs,13.479 μs,29.2969,23.4375,1512.42 KB
DecodeAndEval,NativeAOT 10.0,False,Default,Default,Default,Default,Default,Default,111111111111111111111111,Empty,RyuJit,Default,X64,8c5e7fda-e8bf-4a96-9a85-a6e23a8c635c,NativeAOT 10.0,False,True,False,True,Default,Default,False,False,False,Default,Default,Default,Default,Default,Latest ILCompiler,Default,Default,3,Default,1,Default,Default,Default,50,Default,Default,16,3,stablecoin_1-4,209.54 μs,91.451 μs,5.013 μs,8.5449,3.4180,422.2 KB
DecodeAndEval,NativeAOT 10.0,False,Default,Default,Default,Default,Default,Default,111111111111111111111111,Empty,RyuJit,Default,X64,8c5e7fda-e8bf-4a96-9a85-a6e23a8c635c,NativeAOT 10.0,False,True,False,True,Default,Default,False,False,False,Default,Default,Default,Default,Default,Latest ILCompiler,Default,Default,3,Default,1,Default,Default,Default,50,Default,Default,16,3,stablecoin_1-5,"1,512.36 μs",164.219 μs,9.001 μs,35.1563,33.2031,1793.31 KB
DecodeAndEval,NativeAOT 10.0,False,Default,Default,Default,Default,Default,Default,111111111111111111111111,Empty,RyuJit,Default,X64,8c5e7fda-e8bf-4a96-9a85-a6e23a8c635c,NativeAOT 10.0,False,True,False,True,Default,Default,False,False,False,Default,Default,Default,Default,Default,Latest ILCompiler,Default,Default,3,Default,1,Default,Default,Default,50,Default,Default,16,3,stablecoin_1-6,247.64 μs,21.342 μs,1.170 μs,9.7656,3.9063,489.63 KB
DecodeAndEval,NativeAOT 10.0,False,Default,Default,Default,Default,Default,Default,111111111111111111111111,Empty,RyuJit,Default,X64,8c5e7fda-e8bf-4a96-9a85-a6e23a8c635c,NativeAOT 10.0,False,True,False,True,Default,Default,False,False,False,Default,Default,Default,Default,Default,Latest ILCompiler,Default,Default,3,Default,1,Default,Default,Default,50,Default,Default,16,3,stablecoin_2-1,"1,106.37 μs",130.547 μs,7.156 μs,27.3438,21.4844,1375.67 KB
DecodeAndEval,NativeAOT 10.0,False,Default,Default,Default,Default,Default,Default,111111111111111111111111,Empty,RyuJit,Default,X64,8c5e7fda-e8bf-4a96-9a85-a6e23a8c635c,NativeAOT 10.0,False,True,False,True,Default,Default,False,False,False,Default,Default,Default,Default,Default,Latest ILCompiler,Default,Default,3,Default,1,Default,Default,Default,50,Default,Default,16,3,stablecoin_2-2,198.89 μs,1.605 μs,0.088 μs,8.0566,3.9063,406.17 KB
DecodeAndEval,NativeAOT 10.0,False,Default,Default,Default,Default,Default,Default,111111111111111111111111,Empty,RyuJit,Default,X64,8c5e7fda-e8bf-4a96-9a85-a6e23a8c635c,NativeAOT 10.0,False,True,False,True,Default,Default,False,False,False,Default,Default,Default,Default,Default,Latest ILCompiler,Default,Default,3,Default,1,Default,Default,Default,50,Default,Default,16,3,stablecoin_2-3,"1,221.97 μs",380.250 μs,20.843 μs,29.2969,23.4375,1512.42 KB
DecodeAndEval,NativeAOT 10.0,False,Default,Default,Default,Default,Default,Default,111111111111111111111111,Empty,RyuJit,Default,X64,8c5e7fda-e8bf-4a96-9a85-a6e23a8c635c,NativeAOT 10.0,False,True,False,True,Default,Default,False,False,False,Default,Default,Default,Default,Default,Latest ILCompiler,Default,Default,3,Default,1,Default,Default,Default,50,Default,Default,16,3,stablecoin_2-4,207.65 μs,5.160 μs,0.283 μs,8.5449,3.4180,422.2 KB
DecodeAndEval,NativeAOT 10.0,False,Default,Default,Default,Default,Default,Default,111111111111111111111111,Empty,RyuJit,Default,X64,8c5e7fda-e8bf-4a96-9a85-a6e23a8c635c,NativeAOT 10.0,False,True,False,True,Default,Default,False,False,False,Default,Default,Default,Default,Default,Latest ILCompiler,Default,Default,3,Default,1,Default,Default,Default,50,Default,Default,16,3,token-account-1,233.37 μs,122.745 μs,6.728 μs,8.5449,3.6621,427.24 KB
DecodeAndEval,NativeAOT 10.0,False,Default,Default,Default,Default,Default,Default,111111111111111111111111,Empty,RyuJit,Default,X64,8c5e7fda-e8bf-4a96-9a85-a6e23a8c635c,NativeAOT 10.0,False,True,False,True,Default,Default,False,False,False,Default,Default,Default,Default,Default,Latest ILCompiler,Default,Default,3,Default,1,Default,Default,Default,50,Default,Default,16,3,token-account-2,344.61 μs,5.077 μs,0.278 μs,12.2070,5.3711,619.17 KB
DecodeAndEval,NativeAOT 10.0,False,Default,Default,Default,Default,Default,Default,111111111111111111111111,Empty,RyuJit,Default,X64,8c5e7fda-e8bf-4a96-9a85-a6e23a8c635c,NativeAOT 10.0,False,True,False,True,Default,Default,False,False,False,Default,Default,Default,Default,Default,Latest ILCompiler,Default,Default,3,Default,1,Default,Default,Default,50,Default,Default,16,3,uniswap-1,441.40 μs,31.700 μs,1.738 μs,14.6484,6.3477,719.97 KB
DecodeAndEval,NativeAOT 10.0,False,Default,Default,Default,Default,Default,Default,111111111111111111111111,Empty,RyuJit,Default,X64,8c5e7fda-e8bf-4a96-9a85-a6e23a8c635c,NativeAOT 10.0,False,True,False,True,Default,Default,False,False,False,Default,Default,Default,Default,Default,Latest ILCompiler,Default,Default,3,Default,1,Default,Default,Default,50,Default,Default,16,3,uniswap-2,257.42 μs,14.711 μs,0.806 μs,9.2773,3.9063,474.06 KB
DecodeAndEval,NativeAOT 10.0,False,Default,Default,Default,Default,Default,Default,111111111111111111111111,Empty,RyuJit,Default,X64,8c5e7fda-e8bf-4a96-9a85-a6e23a8c635c,NativeAOT 10.0,False,True,False,True,Default,Default,False,False,False,Default,Default,Default,Default,Default,Latest ILCompiler,Default,Default,3,Default,1,Default,Default,Default,50,Default,Default,16,3,uniswap-3,"1,669.23 μs",470.090 μs,25.767 μs,46.8750,41.0156,2338.52 KB
DecodeAndEval,NativeAOT 10.0,False,Default,Default,Default,Default,Default,Default,111111111111111111111111,Empty,RyuJit,Default,X64,8c5e7fda-e8bf-4a96-9a85-a6e23a8c635c,NativeAOT 10.0,False,True,False,True,Default,Default,False,False,False,Default,Default,Default,Default,Default,Latest ILCompiler,Default,Default,3,Default,1,Default,Default,Default,50,Default,Default,16,3,uniswap-4,304.17 μs,24.893 μs,1.364 μs,12.2070,4.8828,600.84 KB
DecodeAndEval,NativeAOT 10.0,False,Default,Default,Default,Default,Default,Default,111111111111111111111111,Empty,RyuJit,Default,X64,8c5e7fda-e8bf-4a96-9a85-a6e23a8c635c,NativeAOT 10.0,False,True,False,True,Default,Default,False,False,False,Default,Default,Default,Default,Default,Latest ILCompiler,Default,Default,3,Default,1,Default,Default,Default,50,Default,Default,16,3,uniswap-5,"1,107.36 μs",169.849 μs,9.310 μs,33.2031,21.4844,1709.53 KB
DecodeAndEval,NativeAOT 10.0,False,Default,Default,Default,Default,Default,Default,111111111111111111111111,Empty,RyuJit,Default,X64,8c5e7fda-e8bf-4a96-9a85-a6e23a8c635c,NativeAOT 10.0,False,True,False,True,Default,Default,False,False,False,Default,Default,Default,Default,Default,Latest ILCompiler,Default,Default,3,Default,1,Default,Default,Default,50,Default,Default,16,3,uniswap-6,303.17 μs,8.961 μs,0.491 μs,11.7188,4.8828,579.73 KB
DecodeAndEval,NativeAOT 10.0,False,Default,Default,Default,Default,Default,Default,111111111111111111111111,Empty,RyuJit,Default,X64,8c5e7fda-e8bf-4a96-9a85-a6e23a8c635c,NativeAOT 10.0,False,True,False,True,Default,Default,False,False,False,Default,Default,Default,Default,Default,Latest ILCompiler,Default,Default,3,Default,1,Default,Default,Default,50,Default,Default,16,3,vesting-1,400.62 μs,39.553 μs,2.168 μs,13.6719,6.3477,680.84 KB
